toolchain,variant,type,sizeof,alignof,trivially_copyable,trivially_destructible,trivially_default_constructible,standard_layout,nothrow_default_constructible,nothrow_copy_constructible,from_std_string_implicit,from_cstr_implicit,to_std_string_constructible,to_std_string_implicit,to_std_string_view_implicit,from_std_string_view_implicit
shared,lumex_cxx11,string_view,16,8,1,1,0,1,1,1,1,1,1,0,0,0
shared,lumex_cxx11,wstring_view,16,8,1,1,0,1,1,1,1,1,1,0,0,0
shared,lumex_cxx17,string_view,16,8,1,1,0,1,1,1,1,1,1,0,1,1
shared,lumex_cxx17,wstring_view,16,8,1,1,0,1,1,1,1,1,1,0,1,1
shared,std_cxx17,string_view,16,8,1,1,0,1,1,1,1,1,1,0,1,1
shared,std_cxx17,wstring_view,16,8,1,1,0,1,1,1,1,1,1,0,1,1
shared,std_cxx20,string_view,16,8,1,1,0,1,1,1,1,1,1,0,1,1
shared,std_cxx20,wstring_view,16,8,1,1,0,1,1,1,1,1,1,0,1,1
shared,boost_cxx11,string_view,16,8,1,1,0,1,1,1,1,1,1,0,0,0
shared,boost_cxx11,wstring_view,16,8,1,1,0,1,1,1,1,1,1,0,0,0
shared,boost_cxx17,string_view,16,8,1,1,0,1,1,1,1,1,1,0,0,0
shared,boost_cxx17,wstring_view,16,8,1,1,0,1,1,1,1,1,1,0,0,0
