toolchain,variant,type,sizeof_t,sizeof_optional,alignof_optional,trivially_copyable,trivially_destructible,trivially_copy_constructible,standard_layout,nothrow_move_constructible,nothrow_default_constructible
gcc,lumex_cxx11,bool,1,2,1,0,0,0,1,1,1
gcc,lumex_cxx11,char,1,2,1,0,0,0,1,1,1
gcc,lumex_cxx11,int,4,8,4,0,0,0,1,1,1
gcc,lumex_cxx11,double,8,16,8,0,0,0,1,1,1
gcc,lumex_cxx11,uint64_t,8,16,8,0,0,0,1,1,1
gcc,lumex_cxx11,pod32,32,40,8,0,0,0,1,1,1
gcc,lumex_cxx11,std::string,32,40,8,0,0,0,1,1,1
gcc,lumex_cxx11,std::vector<int>,24,32,8,0,0,0,1,1,1
gcc,lumex_cxx11,std::unique_ptr<int>,8,16,8,0,0,0,1,1,1
gcc,lumex_cxx11,std::shared_ptr<int>,16,24,8,0,0,0,1,1,1
gcc,lumex_cxx17,bool,1,2,1,0,0,0,1,1,1
gcc,lumex_cxx17,char,1,2,1,0,0,0,1,1,1
gcc,lumex_cxx17,int,4,8,4,0,0,0,1,1,1
gcc,lumex_cxx17,double,8,16,8,0,0,0,1,1,1
gcc,lumex_cxx17,uint64_t,8,16,8,0,0,0,1,1,1
gcc,lumex_cxx17,pod32,32,40,8,0,0,0,1,1,1
gcc,lumex_cxx17,std::string,32,40,8,0,0,0,1,1,1
gcc,lumex_cxx17,std::vector<int>,24,32,8,0,0,0,1,1,1
gcc,lumex_cxx17,std::unique_ptr<int>,8,16,8,0,0,0,1,1,1
gcc,lumex_cxx17,std::shared_ptr<int>,16,24,8,0,0,0,1,1,1
gcc,std_cxx17,bool,1,2,1,1,1,1,1,1,1
gcc,std_cxx17,char,1,2,1,1,1,1,1,1,1
gcc,std_cxx17,int,4,8,4,1,1,1,1,1,1
gcc,std_cxx17,double,8,16,8,1,1,1,1,1,1
gcc,std_cxx17,uint64_t,8,16,8,1,1,1,1,1,1
gcc,std_cxx17,pod32,32,40,8,1,1,1,1,1,1
gcc,std_cxx17,std::string,32,40,8,0,0,0,1,1,1
gcc,std_cxx17,std::vector<int>,24,32,8,0,0,0,1,1,1
gcc,std_cxx17,std::unique_ptr<int>,8,16,8,0,0,0,1,1,1
gcc,std_cxx17,std::shared_ptr<int>,16,24,8,0,0,0,1,1,1
gcc,boost_cxx11,bool,1,2,1,0,1,0,1,1,1
gcc,boost_cxx11,char,1,2,1,0,1,0,1,1,1
gcc,boost_cxx11,int,4,8,4,0,1,0,1,1,1
gcc,boost_cxx11,double,8,16,8,0,1,0,1,1,1
gcc,boost_cxx11,uint64_t,8,16,8,0,1,0,1,1,1
gcc,boost_cxx11,pod32,32,40,8,0,1,0,1,1,1
gcc,boost_cxx11,std::string,32,40,8,0,0,0,1,1,1
gcc,boost_cxx11,std::vector<int>,24,32,8,0,0,0,1,1,1
gcc,boost_cxx11,std::unique_ptr<int>,8,16,8,0,0,0,1,1,1
gcc,boost_cxx11,std::shared_ptr<int>,16,24,8,0,0,0,1,1,1
gcc,boost_cxx17,bool,1,2,1,0,1,0,1,1,1
gcc,boost_cxx17,char,1,2,1,0,1,0,1,1,1
gcc,boost_cxx17,int,4,8,4,0,1,0,1,1,1
gcc,boost_cxx17,double,8,16,8,0,1,0,1,1,1
gcc,boost_cxx17,uint64_t,8,16,8,0,1,0,1,1,1
gcc,boost_cxx17,pod32,32,40,8,0,1,0,1,1,1
gcc,boost_cxx17,std::string,32,40,8,0,0,0,1,1,1
gcc,boost_cxx17,std::vector<int>,24,32,8,0,0,0,1,1,1
gcc,boost_cxx17,std::unique_ptr<int>,8,16,8,0,0,0,1,1,1
gcc,boost_cxx17,std::shared_ptr<int>,16,24,8,0,0,0,1,1,1
